<?xml version="1.0" encoding="UTF-8"?>
<project-private xmlns="http://www.netbeans.org/ns/project-private/1">
    <editor-bookmarks xmlns="http://www.netbeans.org/ns/editor-bookmarks/2" lastBookmarkId="0"/>
    <open-files xmlns="http://www.netbeans.org/ns/projectui-open-files/2">
        <group>
            <file>file:/C:/Users/Casa/Desktop/Practica_Parqueadero/src/ups/edu/ec/controladores/VehiculoDAO.java</file>
            <file>file:/C:/Users/Casa/Desktop/Practica_Parqueadero/src/ups/edu/ec/vista/VentanaRegistrarVehiculo.java</file>
            <file>file:/C:/Users/Casa/Desktop/Practica_Parqueadero/src/ups/edu/ec/vista/VentanaImprimirTicket.java</file>
            <file>file:/C:/Users/Casa/Desktop/Practica_Parqueadero/src/ups/edu/ec/controladores/EspaciosDAO.java</file>
            <file>file:/C:/Users/Casa/Desktop/Practica_Parqueadero/src/ups/edu/ec/controlador/ControladorEspacios.java</file>
            <file>file:/C:/Users/Casa/Desktop/Practica_Parqueadero/src/ups/edu/ec/controladores/ClienteDAO.java</file>
            <file>file:/C:/Users/Casa/Desktop/Practica_Parqueadero/src/ups/edu/ec/vista/VentanaIngresarVehiculo.java</file>
            <file>file:/C:/Users/Casa/Desktop/Practica_Parqueadero/src/ups/edu/ec/vista/VentanaRegistrarCliente.java</file>
            <file>file:/C:/Users/Casa/Desktop/Practica_Parqueadero/src/ups/edu/ec/controlador/ControladorTicket.java</file>
            <file>file:/C:/Users/Casa/Desktop/Practica_Parqueadero/src/ups/edu/ec/modelo/Vehiculo.java</file>
            <file>file:/C:/Users/Casa/Desktop/Practica_Parqueadero/src/ups/edu/ec/controladores/TicketDAO.java</file>
            <file>file:/C:/Users/Casa/Desktop/Practica_Parqueadero/src/ups/edu/ec/vista/PantallaLogin.java</file>
            <file>file:/C:/Users/Casa/Desktop/Practica_Parqueadero/src/ups/edu/ec/vista/VentanaPrincipal.java</file>
            <file>file:/C:/Users/Casa/Desktop/Practica_Parqueadero/src/ups/edu/ec/modelo/Cliente.java</file>
            <file>file:/C:/Users/Casa/Desktop/Practica_Parqueadero/src/ups/edu/ec/vista/PantallaEspaciosDisponibles.java</file>
            <file>file:/C:/Users/Casa/Desktop/Practica_Parqueadero/src/ups/edu/ec/vista/PantallaRentar.java</file>
            <file>file:/C:/Users/Casa/Desktop/Practica_Parqueadero/src/ups/edu/ec/controlador/ControladorCliente.java</file>
            <file>file:/C:/Users/Casa/Desktop/Practica_Parqueadero/src/ups/edu/ec/vista/PantallaCancelarRenta.java</file>
            <file>file:/C:/Users/Casa/Desktop/Practica_Parqueadero/src/ups/edu/ec/AbstractControler/AbstractControler.java</file>
            <file>file:/C:/Users/Casa/Desktop/Practica_Parqueadero/src/ups/edu/ec/modelo/Ticket.java</file>
        </group>
    </open-files>
</project-private>
