<?xml version="1.0" encoding="UTF-8"?>
<project-private xmlns="http://www.netbeans.org/ns/project-private/1">
    <editor-bookmarks xmlns="http://www.netbeans.org/ns/editor-bookmarks/2" lastBookmarkId="0"/>
    <open-files xmlns="http://www.netbeans.org/ns/projectui-open-files/2">
        <group>
            <file>file:/C:/Users/Casa/Desktop/TrabajoEnClase/src/ups/edu/ec/vista/PantallaBorrarAsunto.java</file>
            <file>file:/C:/Users/Casa/Desktop/TrabajoEnClase/src/ups/edu/ec/controlador/ControladorBD.java</file>
            <file>file:/C:/Users/Casa/Desktop/TrabajoEnClase/src/ups/edu/ec/vista/PantallaListarExpediente.java</file>
            <file>file:/C:/Users/Casa/Desktop/TrabajoEnClase/src/ups/edu/ec/vista/PantallaCrearAsunto.java</file>
            <file>file:/C:/Users/Casa/Desktop/TrabajoEnClase/src/ups/edu/ec/vista/PantallaPrincipal.java</file>
            <file>file:/C:/Users/Casa/Desktop/TrabajoEnClase/src/ups/edu/ec/vista/PantallaActualizarAsunto.java</file>
            <file>file:/C:/Users/Casa/Desktop/TrabajoEnClase/src/ups/edu/ec/modelo/Cliente.java</file>
            <file>file:/C:/Users/Casa/Desktop/TrabajoEnClase/src/ups/edu/ec/vista/PantallaCrearCliente.java</file>
            <file>file:/C:/Users/Casa/Desktop/TrabajoEnClase/src/ups/edu/ec/vista/PantallaBorrarCliente.java</file>
            <file>file:/C:/Users/Casa/Desktop/TrabajoEnClase/src/ups/edu/ec/vista/PantallaActualizarAbogado.java</file>
            <file>file:/C:/Users/Casa/Desktop/TrabajoEnClase/src/ups/edu/ec/vista/PantallaCrearAbogados.java</file>
            <file>file:/C:/Users/Casa/Desktop/TrabajoEnClase/src/ups/edu/ec/modelo/Expediente.java</file>
            <file>file:/C:/Users/Casa/Desktop/TrabajoEnClase/src/ups/edu/ec/modelo/Abogado.java</file>
            <file>file:/C:/Users/Casa/Desktop/TrabajoEnClase/src/ups/edu/ec/vista/PantallaActualizarCliente.java</file>
            <file>file:/C:/Users/Casa/Desktop/TrabajoEnClase/src/ups/edu/ec/vista/PantallaBorrarAbogado.java</file>
            <file>file:/C:/Users/Casa/Desktop/TrabajoEnClase/src/ups/edu/ec/vista/PantallaListarAbogados.java</file>
            <file>file:/C:/Users/Casa/Desktop/TrabajoEnClase/src/ups/edu/ec/vista/PantallaListarCliente.java</file>
        </group>
    </open-files>
</project-private>
