<?xml version="1.0" encoding="UTF-8"?>
<project-private xmlns="http://www.netbeans.org/ns/project-private/1">
    <editor-bookmarks xmlns="http://www.netbeans.org/ns/editor-bookmarks/2" lastBookmarkId="0"/>
    <open-files xmlns="http://www.netbeans.org/ns/projectui-open-files/2">
        <group>
            <file>file:/C:/Users/Casa/Documents/NetBeansProjects/ParqueaderoJPA/src/ups/edu/ec/vista/VentanaPrincipal.java</file>
            <file>file:/C:/Users/Casa/Documents/NetBeansProjects/ParqueaderoJPA/src/ups/edu/ec/vista/VentanaRentarEstacionamiento.java</file>
            <file>file:/C:/Users/Casa/Documents/NetBeansProjects/ParqueaderoJPA/src/ups/edu/ec/modelo/Estacionamiento.java</file>
            <file>file:/C:/Users/Casa/Documents/NetBeansProjects/ParqueaderoJPA/src/ups/edu/ec/vista/VentanaRegistrarVehiculo.java</file>
            <file>file:/C:/Users/Casa/Documents/NetBeansProjects/ParqueaderoJPA/src/ups/edu/ec/utils/JPAUtils.java</file>
            <file>file:/C:/Users/Casa/Documents/NetBeansProjects/ParqueaderoJPA/src/ups/edu/ec/controlador/AbstractControler.java</file>
            <file>file:/C:/Users/Casa/Documents/NetBeansProjects/ParqueaderoJPA/src/ups/edu/ec/vista/VentanaSacarVehiculo.java</file>
            <file>file:/C:/Users/Casa/Documents/NetBeansProjects/ParqueaderoJPA/src/ups/edu/ec/modelo/Vehiculo.java</file>
            <file>file:/C:/Users/Casa/Documents/NetBeansProjects/ParqueaderoJPA/src/ups/edu/ec/controlador/ControladorEstacionamiento.java</file>
            <file>file:/C:/Users/Casa/Documents/NetBeansProjects/ParqueaderoJPA/src/ups/edu/ec/controlador/ControladorCliente.java</file>
            <file>file:/C:/Users/Casa/Documents/NetBeansProjects/ParqueaderoJPA/src/ups/edu/ec/vista/VentanaListarEstacionamiento.java</file>
            <file>file:/C:/Users/Casa/Documents/NetBeansProjects/ParqueaderoJPA/src/META-INF/persistence.xml</file>
            <file>file:/C:/Users/Casa/Documents/NetBeansProjects/ParqueaderoJPA/src/ups/edu/ec/modelo/Cliente.java</file>
            <file>file:/C:/Users/Casa/Documents/NetBeansProjects/ParqueaderoJPA/src/ups/edu/ec/vista/VentanaIngresarVehiculo.java</file>
            <file>file:/C:/Users/Casa/Documents/NetBeansProjects/ParqueaderoJPA/src/ups/edu/ec/vista/VentanaLoguearse.java</file>
            <file>file:/C:/Users/Casa/Documents/NetBeansProjects/ParqueaderoJPA/src/ups/edu/ec/controlador/ControladorVehiculo.java</file>
        </group>
    </open-files>
</project-private>
